image_name,cucumber,chicken,shrimp,brocolli,bean,salmon,pork,rice,pumpkin,egg_dish,nut,carrot,king_oyster,vegetable,winter_melon,mango,avocado,baby_corn,beef,sprout,eggplant,mushroom,potato,brocoli,corn,toast,onion,cabbage,egg,green_pepper,green_bean,tofu,fish,tomato,lemon,yam,high,calories,protein,fat,carbs,GMM
舒肥原味雞33,0.0,0.3254207769110621,0.0,0.0,0.0,0.0,0.0,0.042738862600730745,0.0,0.0,0.0,0.0,0.0,0.0,0.0,0.0,0.0,0.0,0.0,0.0,0.0,0.0,0.0,0.11852708499394118,0.0,0.0,0.0,0.028285239058418073,0.2587599463690857,0.0,0.0,0.0,0.0,0.060403890545017255,0.0,0.16586419952174494,0.3254207769110621,579.0,11.980534374006513,2.4968102506922722,5.039259303627459,4.565356168405213
西班牙煙燻去骨雞44,0.03504191705867035,0.6049955529703791,0.0,0.0,0.0,0.0,0.0,0.0,0.0,0.0,0.0,0.0,0.0,0.0,0.0,0.0,0.0,0.0,0.0,0.0,0.0,0.0,0.0,0.10646662360544194,0.0,0.0,0.0,0.1584173985383983,0.031037899514039426,0.0,0.0,0.0,0.0,0.0,0.0,0.06404060831307089,0.6049955529703791,739.0,19.26587031582365,2.359273899825163,2.793742234607021,4.4092635625239405
鯛魚3,0.0,0.0,0.0,0.0,0.0,0.0,0.0,0.06992698397400944,0.0,0.0,0.0,0.0,0.0,0.16531193491200796,0.0,0.0,0.0,0.0,0.0,0.0,0.0,0.0,0.0,0.0,0.0,0.0,0.0,0.2152108689642579,0.13441137010933382,0.0,0.0,0.0,0.3405681504043906,0.0,0.0,0.07457069163600027,0.3405681504043906,685.0,8.174773330763358,2.420406952119849,3.838214340966327,3.941332257750034
低脂雙拼32,0.07015258372083776,0.2635199159671932,0.0,0.0,0.0,0.0,0.0,0.0,0.0,0.0,0.0,0.0,0.0,0.0,0.0,0.0,0.0,0.0,0.0,0.0,0.0,0.28598854422212744,0.0,0.0,0.0,0.0,0.0,0.0,0.061492871335734924,0.0,0.0,0.0,0.0,0.14557915854747208,0.0,0.17326692620663459,0.2635199159671932,628.0,9.832561067085003,1.3960919259666584,6.696027420365614,4.1150921680031685
西班牙煙燻34,0.08379282124198136,0.3381390119701078,0.0,0.0,0.0,0.0,0.0,0.05124909066860658,0.0,0.0,0.0,0.0,0.0,0.0,0.0,0.0,0.0,0.0,0.0,0.0,0.0,0.0,0.0,0.2965143674360161,0.0,0.0,0.0,0.0,0.07047318299054295,0.0,0.0,0.0,0.0,0.0731247106672839,0.0,0.08670681502546128,0.3381390119701078,739.0,11.155486264962637,1.6021791920177237,2.980034699259308,3.618411417227205
西班牙煙燻雞腿35,0.0,0.39523019653981906,0.0,0.0,0.0,0.0,0.0,0.0,0.0,0.0,0.0,0.0,0.0,0.0,0.0,0.0,0.0,0.0,0.0,0.0,0.0,0.0,0.0,0.32360920914742736,0.0,0.0,0.132249696221575,0.13130139320179246,0.0,0.0,0.0,0.0,0.0,0.0,0.0,0.017609504889386077,0.39523019653981906,739.0,12.594716827074532,1.450944766974624,2.466926887444468,3.4666149252736354
西班牙煙燻雞43,0.053404294041668215,0.5925254484960606,0.0,0.0,0.0,0.0,0.0,8.834749543685186e-06,0.0,0.0,0.0,0.0,0.0,0.0,0.0,0.0,0.0,0.0,0.0,0.0,0.0,0.0,0.0,0.1033630357612992,0.0,0.0,0.0,0.05289364551804321,0.09403177329325892,0.0,0.0,0.0,0.0,0.0,0.0,0.1037729681401262,0.5925254484960606,739.0,19.191613525648158,2.624791614762513,3.3589299351352686,4.670526135293217
嫩雞胸2,0.0,0.3493600754844797,0.0,0.0,0.0,0.0,0.0,0.1239203541964048,0.0,0.0,0.0,0.014891249122976798,0.0,0.0863111799288704,0.0,0.0,0.0,0.0,0.0,0.0,0.0,0.0,0.0,0.0,0.0,0.0,0.0,0.24825926015532385,0.08785232138968863,0.0,0.0,0.0,0.0,0.0,0.0,0.08940555972225582,0.3493600754844797,646.0,11.913834950281856,1.7423337284978107,4.308454745602787,4.090164686704299
芥末椒鹽大鮭魚41,0.0,0.0,0.0,0.0,0.0,0.0,0.0,0.041686149947563846,0.0,0.0,0.0,0.0,0.0,0.0,0.0,0.0,0.0,0.0,0.0,0.0,0.0,0.0,0.0,0.09143182862863372,0.0,0.0,0.0,0.04152181558508987,0.05522507853515366,0.0,0.0,0.0,0.33061771460916606,0.16048877961491775,0.0,0.2790286330794751,0.33061771460916606,728.0,7.560665974927499,1.9933667665110386,8.449689789120113,4.411851376279845
蔥雞胸30,0.0,0.513671814909393,0.0,0.0,0.0,0.0,0.0,0.014427514383287697,0.0,0.0,0.0,0.0,0.0,0.0,0.0,0.0,0.0,0.0,0.0,0.0,0.0,0.0,0.0,0.14549714641725378,0.0,0.0,0.0,0.12365493185244439,0.14157923883949175,0.0,0.0,0.0,0.0,0.0,0.0,0.0611693535981294,0.513671814909393,696.0,17.025807137033503,2.5755971564163307,2.4537186951973666,4.258478193129619
雞排23,0.0,0.34494524228346707,0.0,0.0,0.0,0.0,0.0,0.10984479351443635,0.0,0.0,0.0,0.027410930819503073,0.0,0.13773804618941063,0.11068978193131046,0.0,0.0,0.0,0.0,0.0,0.0,0.0,0.0,0.0,0.0,0.0,0.0,0.0873952399397036,0.0887866953181474,0.0,0.0,0.0,0.0,0.0,0.0,0.0931892700040214,0.34494524228346707,751.0,11.708242152709762,1.7341197687815635,4.217530857496712,4.050603668553723
打拋豬11,0.0,0.0,0.0,0.0,0.0,0.0,0.463381707405749,0.0,0.0,0.0,0.0,0.0,0.0,0.0,0.0,0.0,0.0,0.0,0.0,0.0,0.0,0.0,0.0,0.06824800897063495,0.0,0.0,0.0,0.11647378270703453,0.10499163786801992,0.0,0.0,0.05398454632085328,0.0,0.0,0.0,0.19292031672770832,0.463381707405749,780.0,13.087165275529378,7.259179688247474,6.0553605667114425,5.784427171064432
蔥雞胸27,0.0,0.4841779657666917,0.0,0.0,0.0,0.0,0.0,0.026047225626227088,0.0,0.0,0.0,0.0,0.0,0.10042165737702757,0.0,0.0,0.0,0.0,0.0,0.0,0.0,0.0,0.0,0.0,0.0,0.0,0.0,0.11288295054749575,0.0594016418284118,0.0,0.0,0.13641077334598306,0.0,0.0,0.0,0.08065778550816302,0.4841779657666917,696.0,16.825369147856794,2.6150882186293503,3.442208825815973,4.569673152168556
牛腱7,0.0,0.0,0.0,0.0,0.0,0.0,0.0,0.006428294402714129,0.0,0.0,0.0,0.0,0.0,0.0,0.0,0.0,0.0,0.0,0.5457773578568244,0.0,0.0,0.0,0.0,0.16684326705482505,0.0,0.0,0.0,0.047452544435033814,0.1155625014347523,0.0,0.0,0.0,0.0,0.0,0.0,0.1179360348158503,0.5457773578568244,685.0,15.122178672875268,8.781011732951217,3.5288351986120055,5.597718152478022
排骨6,0.18022530907037468,0.0,0.0,0.0,0.0,0.0,0.4950084882392509,0.06310540245880149,0.0,0.0,0.0,0.0,0.0,0.12449002350133048,0.0,0.0,0.0,0.0,0.0,0.0,0.0,0.0,0.0,0.0,0.0,0.0,0.0,0.06596803297067019,0.018970710532653326,0.0,0.0,0.0,0.0,0.0,0.0,0.05223203322691893,0.4950084882392509,670.0,12.894779436276517,7.069066180980412,2.8319498571057418,5.05502850255062
牛腱6,0.0,0.0,0.0,0.0,0.0,0.0,0.0,0.0,0.0,0.0,0.0,0.0,0.0,0.20729357217000108,0.13967899747278859,0.0,0.0,0.0,0.3460079172621654,0.0,0.0,0.0,0.0,0.0,0.0,0.0,0.0,0.07889922938944617,0.10742760106067308,0.0,0.0,0.0,0.0,0.0,0.0,0.12069268264492568,0.3460079172621654,685.0,10.215480448007682,5.781913212403563,4.9893070284039,5.175561947469052
打拋豬10,0.0,0.0,0.0,0.0,0.0,0.0,0.4768454469740001,0.0046173200029272065,0.0,0.0,0.0,0.0,0.0,0.1340288933881139,0.0,0.0,0.0,0.0,0.0,0.0,0.0,0.0,0.0,0.0,0.0,0.0,0.0,0.03373373338490793,0.09390990011488125,0.0,0.0,0.21447828930326673,0.0,0.0,0.0,0.042386416831902834,0.4768454469740001,780.0,14.441884261501773,8.024313819783968,2.2274781069336465,5.054994306738119
雞排20,0.0,0.28293214522676524,0.0,0.0,0.0,0.0,0.0,0.0,0.0,0.0,0.0,0.0,0.0,0.0,0.0,0.0,0.0,0.0,0.0,0.0,0.0,0.0,0.0,0.23646257678340837,0.0,0.0,0.0,0.3624836801814978,0.046610471794359586,0.0,0.0,0.0,0.0,0.0,0.0,0.07151112601396906,0.28293214522676524,751.0,9.629054806052782,1.2950075624076995,4.061172030506468,3.5724827149773244
雞排18,0.1359870060852838,0.45507251335800525,0.0,0.0,0.0,0.0,0.0,0.00957007379114998,0.0,0.0,0.0,0.0,0.0,0.08442943647769958,0.0,0.0,0.0,0.0,0.0,0.0,0.0,0.0,0.0,0.0,0.0,0.0,0.0,0.08977050000695033,0.07748765781265538,0.0,0.0,0.04945856906545824,0.0,0.0,0.0,0.09822424340279745,0.45507251335800525,751.0,15.404701419044128,2.265734602072054,4.065054346257032,4.5102344271690775
雞腿24,0.0,0.2419218980322422,0.0,0.0,0.0,0.0,0.0,0.11694237113643277,0.0,0.0,0.0,0.0,0.0,0.08458316759868036,0.0,0.0,0.0,0.0,0.0,0.0858037545723266,0.0,0.046635781526630636,0.0,0.0,0.0,0.0,0.0,0.2191597058112419,0.09091618116162443,0.0,0.0,0.0,0.0,0.0,0.0,0.1140371401608211,0.2419218980322422,694.0,8.982941029660653,1.3898488499964903,5.5314014522255235,3.8548300768744994
雞腿26,0.0,0.37117704190588774,0.0,0.0,0.0,0.0,0.0,0.17864875862458157,0.0,0.0,0.0,0.0,0.0,0.11679829394415518,0.0,0.0,0.0,0.0,0.0,0.0,0.0,0.0,0.0,0.0,0.0,0.0,0.0,0.18993533977064478,0.08817195997421907,0.0,0.0,0.0,0.0,0.0,0.0,0.05526860578051164,0.37117704190588774,694.0,12.482137203244594,1.8132973746818224,2.997175384560551,3.838584401408894
西班牙去古蹟37,0.0,0.4642002583218774,0.0,0.0,0.0,0.0,0.0,0.00930097268921385,0.0,0.0,0.0,0.0,0.0,0.0,0.0,0.0,0.0,0.0775675497858283,0.0,0.0,0.0,0.16916793345960865,0.0,0.11061439746248966,0.0,0.0,0.0,0.08175922046352502,0.08738966781745716,0.0,0.0,0.0,0.0,0.0,0.0,0.0,0.4642002583218774,739.0,15.714498921350339,2.1825090810874452,2.6770924591480916,4.1140904864936
雞腿17,0.0,0.5775818029008571,0.0,0.0,0.043145600806081395,0.0,0.0,0.04081257901316239,0.0,0.0,0.0,0.0,0.0,0.12115233855418567,0.0,0.0,0.0,0.0,0.0,0.0,0.0,0.0,0.0,0.0,0.0,0.0,0.0,0.1523503252340673,0.06495735349164608,0.0,0.0,0.0,0.0,0.0,0.0,0.0,0.5775818029008571,694.0,19.520045389162632,2.4659480049250067,2.7961593423279836,4.46223400464555
白身魚16,0.0,0.0,0.0,0.0,0.0,0.0,0.0,0.039857772600918426,0.0,0.0,0.0,0.06206930903615266,0.0,0.14582906274366308,0.0,0.0,0.0,0.0,0.0,0.0,0.0,0.0,0.0,0.0,0.0,0.0,0.0,0.04300731252670116,0.12032621877041501,0.0,0.0,0.0,0.4839678072573523,0.0,0.0,0.10494251706479737,0.4839678072573523,577.0,10.816328180527643,3.063261881179583,4.188438659644699,4.490087482118974
雞排14,0.0,0.42969556862256075,0.0,0.0,0.0,0.0,0.0,0.044213054002116725,0.0,0.0,0.0,0.0,0.0,0.0,0.0,0.0,0.0,0.0,0.0,0.0,0.0,0.0,0.0,0.24955315318772042,0.0,0.0,0.0,0.14070318820004668,0.06238748892875071,0.0,0.0,0.0,0.0,0.0,0.0,0.07344754705880473,0.42969556862256075,751.0,13.987973026120155,1.8802565652108574,2.8365947555052484,3.9251432109001514
舒肥原味雞胸31,0.12062861583628356,0.2926361973905706,0.0,0.0,0.0,0.0,0.0,0.09779760464605307,0.0,0.0,0.0,0.0,0.0,0.0,0.0,0.0,0.0,0.0,0.0,0.0,0.0,0.0,0.0,0.34687320731036925,0.0,0.0,0.0,0.031819786762373674,0.03601238286336189,0.0,0.0,0.0,0.0,0.0,0.0,0.07423220519098797,0.2926361973905706,579.0,9.518919047159013,1.257426571860191,2.648313608582169,3.146034265633405
蔥雞胸13,0.0,0.5128539304237284,0.0,0.0,0.0,0.0,0.0,6.14253895170896e-05,0.0,0.0,0.0,0.06938398346321688,0.0,0.04792782783798653,0.0,0.0,0.0,0.0,0.0,0.0,0.0,0.0,0.0,0.0,0.0,0.0,0.0,0.04173988751141711,0.1764778147517079,0.0,0.0,0.15155513062242615,0.0,0.0,0.0,0.0,0.5128539304237284,696.0,18.334415043344965,3.3577273140012496,1.460958022422938,4.095290764108604
打拋豬21,0.0,0.0,0.0,0.0,0.0,0.0,0.5879964826902767,0.0,0.0,0.0,0.0,0.0,0.0,0.05829522139045395,0.0,0.0,0.0,0.0,0.0,0.0,0.0,0.0,0.0,0.0,0.0,0.0,0.0,0.17033084113019165,0.11677189129838046,0.0,0.0,0.0,0.0,0.0,0.0,0.06660556349069728,0.5879964826902767,780.0,15.78017707514295,8.84533337675691,3.031217891754328,5.504770995176098
打拋豬22,0.0,0.0,0.0,0.0,0.0,0.0,0.5663862676993804,0.0,0.0,0.0,0.0,0.0,0.0,0.0,0.0,0.0,0.0,0.0,0.0,0.0,0.0,0.0,0.0,0.0,0.0,0.0,0.0,0.13207746571904144,0.10788213081536552,0.0,0.1191096062558981,0.0,0.0,0.0,0.0,0.07454452951031461,0.5663862676993804,780.0,15.328686189588723,8.513302522642268,3.6772481202294407,5.619380643796888
蔥雞胸14,0.06664228026488782,0.46302127827156453,0.0,0.0,0.0,0.0,0.0,0.016194236932826823,0.0,0.0,0.0,0.0,0.0,0.14404487097927307,0.0,0.0,0.0,0.0,0.0,0.0,0.0,0.0,0.0,0.0,0.0,0.0,0.0,0.0784454501941824,0.09631871360973275,0.0,0.0,0.08419670283730483,0.0,0.0,0.0,0.051136466910227746,0.46302127827156453,696.0,15.971191669544563,2.5199503108130217,2.735898941842218,4.279476903751692
牛腱8,0.059343840672705976,0.0,0.0,0.0,0.0,0.0,0.0,0.31901418451728736,0.0,0.0,0.0,0.0,0.0,0.0,0.0,0.0,0.0,0.0,0.18699407317267014,0.0,0.0,0.0,0.0,0.14561181561039546,0.0,0.0,0.0,0.13465975789776777,0.04898329309587806,0.0,0.0,0.0,0.0,0.06308572858023236,0.0,0.04230730645306289,0.18699407317267014,685.0,5.4896149581708515,3.0866692376945695,2.42047490186013,3.3805508588927657
義式杏鮑菇39,0.0,0.0,0.0,0.0,0.0,0.0,0.0,0.03567571309886458,0.0,0.0,0.0,0.0,0.0,0.0,0.0,0.0,0.0,0.0,0.0,0.0,0.0,0.4430360357241761,0.0,0.08290033924120742,0.0,0.0,0.0,0.12328562032677928,0.12731064801993908,0.0,0.0,0.0,0.0,0.113476183882581,0.0,0.07431545970645251,0.0,524.0,2.466845056770978,0.8119193955967876,5.024009277208529,2.101574060596678
蒲燒鯛魚12,0.0,0.0,0.0,0.0,0.0,0.0,0.0,0.05931427550349082,0.0,0.0,0.0,0.0,0.0,0.16366859936901929,0.15385811404297584,0.0,0.0,0.0,0.0,0.0,0.0,0.0,0.0,0.0,0.0,0.0,0.0,0.07293292319973824,0.11432493302066642,0.0,0.0,0.0,0.35109354132413123,0.0,0.0,0.08480761353997816,0.35109354132413123,685.0,8.185828112871055,2.3746190967391594,3.918621357037848,3.944049686815014
牛腱9,0.0,0.0,0.0,0.0,0.0,0.0,0.0,0.0,0.0,0.0,0.0,0.0,0.0,0.0,0.0,0.0,0.0,0.0,0.5853303951274753,0.0,0.0,0.0,0.0,0.0,0.0,0.0,0.0,0.08004315489854008,0.08642202022056948,0.0,0.1445663595833461,0.04628694436792867,0.0,0.0,0.0,0.0573511258021404,0.5853303951274753,685.0,16.586633458819207,9.439866505473429,3.169122313020945,5.649849138984845
鯛魚13,0.0,0.0,0.0,0.0,0.05072584054155951,0.0,0.0,0.07017948264750178,0.0,0.0,0.0,0.0,0.0,0.0,0.0,0.0,0.0,0.0,0.0,0.2060996008733877,0.0,0.0,0.0,0.2095350870531499,0.0,0.0,0.0,0.0,0.07144897274796555,0.0,0.0,0.0,0.3451722749813676,0.0,0.0,0.04683874115506798,0.3451722749813676,685.0,9.085938901840661,2.148980745282759,4.731716620777299,4.119751721496753
飯1,0.0,0.0,0.0,0.0,0.0,0.0,0.0,0.4050980954369309,0.0,0.0,0.0,0.0,0.0,0.08899262955515133,0.0,0.0,0.0,0.0,0.0,0.0,0.0,0.0,0.0,0.0,0.0,0.0,0.0,0.34644306943241415,0.07544226212313075,0.0,0.0,0.023201556400719765,0.0,0.0,0.0,0.060822387051653076,0.0,525.0,1.268868224339312,0.5196433448224548,4.0102206118434065,0.8850827633116419
嫩雞胸25,0.0,0.34778353885038477,0.0,0.0,0.0,0.0,0.0,0.13324371664833598,0.0,0.0,0.0,0.013562767564967246,0.0,0.06820275871968405,0.0,0.0,0.0,0.0,0.0,0.0,0.0,0.0,0.0,0.0,0.0,0.0,0.0,0.2646349671890427,0.08937809512170994,0.0,0.0,0.0,0.0,0.0,0.0,0.08319415590587532,0.34778353885038477,646.0,11.86678421582491,1.7432269571643886,4.169562721010845,4.057202484296718
雞腿4,0.0,0.35998314749158267,0.0,0.0,0.0,0.0,0.0,0.04088994574111167,0.0,0.0,0.0,0.0,0.0,0.012785769627638114,0.0,0.0,0.0,0.0,0.0,0.0,0.0,0.0,0.0,0.0,0.0,0.0,0.0,0.32038332315756024,0.12893716132825378,0.0,0.0,0.0,0.0,0.0,0.0,0.13702065265385352,0.35998314749158267,694.0,12.567915608921833,1.9876441121548718,5.673500501647761,4.509237409480541
雞胸雙拼38,0.0,0.20646099758969558,0.0,0.0,0.0,0.0,0.0,0.0,0.0,0.0,0.0,0.0,0.0,0.0,0.0,0.0,0.0,0.0,0.0,0.0,0.0,0.25131261802047994,0.0,0.18453797380904863,0.0,0.0,0.0,0.02759184488078972,0.07811228641171684,0.0,0.0,0.0,0.0,0.15764465664675992,0.0,0.09433962264150944,0.20646099758969558,628.0,7.942161521101679,1.2529368868692143,4.389898982145325,3.4379573748737497
舒肥原味雞胸40,0.0,0.2542780915855514,0.0,0.0,0.0,0.0,0.0,0.0301900613091392,0.0,0.0,0.0,0.0,0.0,0.0,0.0,0.0,0.0,0.05622634655296139,0.0,0.0,0.0,0.0,0.0,0.18592242116013924,0.0,0.0,0.0,0.2272323940935984,0.09965638296922037,0.0,0.0,0.0,0.0,0.0,0.0,0.14649430232938998,0.2542780915855514,579.0,9.130645934510287,1.462300983506978,6.401388462924199,4.048892160539551
白煮魚15,0.0,0.0,0.0,0.0,0.0,0.0,0.0,0.07293974039433494,0.0,0.0,0.0,0.0,0.0,0.09722440161879495,0.0,0.0,0.0,0.0,0.0,0.0,0.0,0.0,0.0,0.0,0.0,0.0,0.0,0.10547529294130956,0.12621108560710284,0.01528567935744496,0.0,0.03079487357269798,0.4753650134473837,0.0,0.0,0.07670391306093106,0.4753650134473837,577.0,10.87408103462747,3.162057486196817,3.2034660312154464,4.279797784412514
白煮魚5,0.0,0.0,0.0,0.0,0.0,0.0,0.0,0.0,0.0,0.0,0.0,0.0,0.0,0.10645604339555353,0.12642292711071432,0.0,0.0,0.0,0.0,0.0,0.0,0.0,0.0,0.0,0.0,0.0,0.0,0.3009787176049206,0.08512223565117405,0.0,0.0,0.0,0.324098095364781,0.0,0.0,0.05692198087285648,0.324098095364781,577.0,7.651660425060328,2.1051796219781798,4.183987811118029,3.8326427560179326
地瓜減脂36,0.20038012231470226,0.0,0.0,0.0,0.0,0.0,0.0,0.0,0.0,0.0,0.0,0.0,0.0,0.0,0.0,0.0,0.0,0.0,0.0,0.0,0.0,0.0,0.0,0.2941737572878582,0.0,0.0,0.0,0.0,0.09044675076298017,0.0,0.0,0.0,0.0,0.15025535751241106,0.0,0.2647440121220483,0.0,166.0,1.20527342402668,0.5308010399842051,8.530757651805105,1.5446927557903027
日式壽喜牛便當,0.0,0.0,0.0,0.0,0.0,0.0,0.4541886517721433,0.0,0.0,0.0,0.0,0.0,0.0,0.0,0.0,0.0,0.0,0.0,0.0,0.0,0.0,0.007681144385371761,0.0,0.16294556373537633,0.0,0.0,0.0,0.09517663258855563,0.08807755165466952,0.0,0.07416002004681267,0.0,0.0,0.0,0.0,0.11777043581707079,0.4541886517721433,686.8,12.354930353572067,6.837459937248891,4.334517484936512,5.373216644487455
日式蔥鹽雞,0.0,0.4450968210006663,0.0,0.0,0.0,0.0,0.0,0.0,0.0,0.0,0.0,0.0,0.0,0.0,0.0,0.0,0.0,0.0,0.0,0.0,0.0,0.034602673831669435,0.0,0.17786386629093454,0.0,0.0,0.0,0.16616842463400042,0.10371166780637013,0.0,0.024404177164377545,0.0,0.0,0.0,0.0,0.04815236927198166,0.4450968210006663,510.7,14.861135339614812,2.157600611607224,2.6353577693818497,4.03851779906006
水煮嫩雞胸,0.0,0.438896532565179,0.0,0.0,0.0,0.0,0.0,0.0,0.0,0.0,0.0,0.0,0.0,0.0,0.0,0.0,0.0,0.0,0.0,0.0,0.0,0.019892442592600267,0.0,0.17007939736561287,0.0,0.0,0.0,0.09706860859557924,0.08888595585136626,0.0,0.06367069171153769,0.0,0.0,0.0,0.0,0.12150637131812472,0.438896532565179,545.6,14.634575703981064,2.0650166656029336,4.422266141305712,4.4557826418090745
泡菜豬里肌,0.0,0.0,0.0,0.0,0.0,0.0,0.49934857937395793,0.0,0.0,0.0,0.0,0.0,0.0,0.0,0.0,0.0,0.0,0.0,0.0,0.0,0.0,0.01791217994827826,0.0,0.15136643334574587,0.0,0.0,0.0,0.09413049729813912,0.07162302082618581,0.0,0.07036381963231446,0.0,0.0,0.0,0.0,0.09525546957537853,0.0,468.9,13.373169639266175,7.387380229964638,3.7250238325794527,5.377781535874355
泰式打拋雞,0.0,0.3620180117075596,0.0,0.0,0.0,0.0,0.0,0.0,0.0,0.0,0.0,0.0,0.0,0.0,0.0,0.0,0.0,0.0,0.0,0.0,0.0,0.06483163023716539,0.0,0.14774522798441878,0.0,0.0,0.0,0.14831957320193653,0.0879853346034219,0.0,0.03739439621227789,0.0,0.0,0.0,0.0,0.15170582605321997,0.3620180117075596,505.0,12.440128237933278,1.8001224234034447,5.530189323204832,4.386446658597207
清滷牛腱,0.0,0.0,0.0,0.0,0.0,0.0,0.0,0.0,0.0,0.0,0.0,0.0,0.0,0.0,0.0,0.0,0.0,0.0,0.49713620318643054,0.0,0.0,0.00480354981383797,0.0,0.12313667823571581,0.0,0.0,0.0,0.09037245765178166,0.07279383394744134,0.0,0.061457645875928266,0.0,0.0,0.0,0.0,0.15029963128886445,0.49713620318643054,526.5,13.842563869605826,7.858812020547066,5.075344319934988,5.747048425068979
照燒雞腿排,0.0,0.3930871296589243,0.0,0.0,0.0,0.0,0.0,0.0,0.0,0.0,0.0,0.0,0.0,0.0,0.0,0.0,0.0,0.0,0.0,0.0,0.0,0.04102046808100272,0.0,0.15760712551197684,0.0,0.0,0.0,0.1737445012568507,0.09172474213767101,0.0,0.031102106251255292,0.0,0.0,0.0,0.0,0.11171392710231909,0.3930871296589243,632.3,13.314753831285582,1.9208097819709513,4.46082560041775,4.311760925307724
穀飼牛漢堡排,0.0,0.0,0.0,0.0,0.0,0.0,0.0,0.0,0.0,0.0,0.0,0.0,0.0,0.0,0.0,0.0,0.0,0.0,0.3405680806004663,0.0,0.0,0.022897988225964734,0.0,0.19160589284660162,0.0,0.0,0.0,0.11022180124926392,0.10185743174291224,0.0,0.08857955214349661,0.0,0.0,0.0,0.0,0.1442692531912945,0.3405680806004663,591.0,10.071459976445468,5.6678427800621,5.307319560364764,5.200743948630724
菜飯餐盒,0.0,0.0,0.0,0.0,0.0,0.0,0.0,0.0,0.0,0.0,0.0,0.0,0.0,0.0,0.0,0.0,0.0,0.0,0.0,0.0,0.0,0.07554872099865327,0.0,0.23528055490247585,0.0,0.0,0.0,0.23825562418916585,0.11993846672651862,0.0,0.2187724812814272,0.0,0.0,0.0,0.0,0.11220415190175922,0.0,350.0,1.8618604652164803,0.7011574237975671,6.316960054645175,1.9204160684444556
蒜泥豬里肌,0.0,0.0,0.0,0.0,0.0,0.0,0.408142352279584,0.0,0.0,0.0,0.0,0.0,0.0,0.0,0.0,0.0,0.0,0.0,0.0,0.0,0.0,0.021456865949689544,0.0,0.17177418481823864,0.0,0.0,0.0,0.10375669468693548,0.0938667597164254,0.0,0.08395468853452513,0.0,0.0,0.0,0.0,0.11704845401460176,0.0,470.1,11.30949572432119,6.228635242858269,4.491927426948763,5.2403217411185485
韓式菇菇雞,0.0,0.43728556585337247,0.0,0.0,0.0,0.0,0.0,0.0,0.0,0.0,0.0,0.0,0.0,0.0,0.0,0.0,0.0,0.0,0.0,0.0,0.0,0.023061533822380884,0.0,0.1790313419480623,0.0,0.0,0.0,0.11247462772250465,0.07672271584474812,0.0,0.08155626028198877,0.0,0.0,0.0,0.0,0.08986795452694284,0.43728556585337247,526.3,14.529504906383826,2.001305586723938,3.787961199788277,4.27977115829358
香滷雞腿,0.0,0.34136503164005755,0.0,0.0,0.0,0.0,0.0,0.0,0.0,0.0,0.0,0.0,0.0,0.0,0.0,0.0,0.0,0.0,0.0,0.0,0.0,0.024920690289638094,0.0,0.1968577821178606,0.0,0.0,0.0,0.07908117246189958,0.1081840180817069,0.0,0.09208545545626895,0.0,0.0,0.0,0.0,0.15750584995256828,0.34136503164005755,601.7,11.829417370242801,1.8193862047323337,5.52052010919982,4.348723232592993
鷹嘴豆咖哩,0.0,0.0,0.0,0.0,0.35412688221217736,0.0,0.0,0.0,0.0,0.0,0.0,0.0,0.0,0.0,0.0,0.0,0.0,0.0,0.0,0.0,0.0,0.06207386871334569,0.0,0.16012412362237383,0.0,0.0,0.0,0.1418981388777286,0.10831965019393246,0.0,0.04542497397942667,0.0,0.0,0.0,0.0,0.12803236240101526,0.0,623.9,8.740170105860779,0.8795999622771675,17.305585950570173,4.451680589700356
鹽烤鯖魚,0.0,0.0,0.0,0.0,0.0,0.0,0.0,0.0,0.0,0.0,0.0,0.0,0.0,0.0,0.0,0.0,0.0,0.0,0.0,0.0,0.0,0.025847779981097403,0.0,0.13526629867874754,0.0,0.0,0.0,0.1768565045743747,0.1153130947994206,0.0,0.0826437768454419,0.0,0.3281452505696314,0.0,0.05070737068739378,0.0852199238638928,0.3281452505696314,542.3,7.8553578155658546,2.267782459052504,4.077791085578614,3.9008792365358533
麻香口水雞,0.0,0.3974475226520302,0.0,0.0,0.0,0.0,0.0,0.0,0.0,0.0,0.0,0.0,0.0,0.0,0.0,0.0,0.0,0.0,0.0,0.0,0.0,0.04170609502370188,0.0,0.15144789222542349,0.0,0.0,0.0,0.1616769320769644,0.1082137136446141,0.0,0.05268833323838644,0.0,0.0,0.0,0.0,0.08681951113887942,0.3974475226520302,578.5,13.541059714036871,2.019778789246751,3.8824239477464193,4.24642465287586
02算來算去涮涮牛,0.14814811128678776,0.0,0.0,0.0,0.0,0.0,0.0,0.0,0.0,0.0,0.0,0.03251462270584516,0.0,0.0,0.0,0.0,0.0,0.0,0.39459855925806264,0.0,0.0,0.0,0.0,0.0,0.0,0.0,0.0,0.19742658955251646,0.07582276318848882,0.0,0.0,0.0,0.0,0.07855478438364227,0.0,0.07293456962465689,0.39459855925806264,582.0,11.276814279412768,6.363638494390546,4.323938416665147,5.222511924449528
03如魚得水水煮魚,0.168016618559552,0.0,0.0,0.0,0.0,0.0,0.0,0.07486345645297887,0.0,0.0,0.0,0.0,0.0,0.0,0.0,0.0,0.0,0.0,0.0,0.0,0.0,0.0,0.0,0.0,0.0,0.0,0.0,0.0,0.12677809081010077,0.0,0.0,0.0,0.4297448882589834,0.11672096721226473,0.0,0.08387597870612026,0.4297448882589834,529.0,9.695639950654199,2.8328285147000365,3.41750247377154,4.1341810476363605
05力爭上游鮮鮭魚,0.13650487461550492,0.0,0.0,0.0,0.0,0.0,0.0,0.12845002867420885,0.0,0.0,0.0,0.019925968406235336,0.0,0.0,0.0,0.0,0.0,0.0,0.0,0.0,0.0,0.0,0.0,0.0,0.0,0.0,0.0,0.06703508680465044,0.12396642510817997,0.0,0.0,0.0,0.2922423231322663,0.10988478181533809,0.0,0.12199051144361608,0.2922423231322663,588.0,7.064334237005369,2.1409239872790775,4.883268286325009,3.9159503216973017
07浩克小肌雞胸,0.17260644554222535,0.4602606873249075,0.0,0.0,0.0,0.0,0.0,0.0,0.0,0.0,0.0,0.0,0.0,0.0,0.0,0.0,0.0,0.0,0.0,0.0,0.0,0.0,0.0,0.0,0.0,0.0,0.0,0.0,0.11098992750368897,0.0,0.0,0.0,0.0,0.1329687132439426,0.0,0.12317422638523556,0.4602606873249075,556.0,15.350648243194113,2.2697859861850684,4.5507343191976215,4.611392004169991
08清新脫俗素餐盒,0.193081944495095,0.0,0.0,0.0,0.0,0.0,0.0,0.2571113380256008,0.0,0.0,0.0,0.05984008606542431,0.0,0.0,0.0,0.0,0.0,0.0,0.0,0.0,0.0,0.0,0.0,0.0,0.0,0.0,0.0,0.18199099230516758,0.12422504649721017,0.0,0.0,0.0,0.0,0.09452609314029393,0.0,0.0892244994712082,0.0,384.0,1.3802081433937492,0.7003590313992925,5.192600926297363,1.4684969987550245
711松阪豬花椰菜減醣飯,0.0,0.0,0.0,0.0,0.0,0.0,0.21473513090135657,0.18141546423009605,0.0,0.25031123238838127,0.0,0.14356311700959654,0.0,0.0,0.0,0.0,0.0,0.024392120652508464,0.0,0.0,0.0,0.0,0.0,0.14629156847342237,0.0,0.0,0.0,0.03929136634463876,0.0,0.0,0.0,0.0,0.0,0.0,0.0,0.0,0.0,276.0,7.8600060351520336,4.2953681787277835,2.3198573728770735,3.969398966232588
味噌松阪豬,0.07634988515940806,0.0,0.0,0.0,0.0,0.0,0.40816357506866857,0.0,0.0,0.0,0.0,0.0,0.0,0.0,0.0,0.0,0.0,0.08253669505201572,0.0,0.0,0.0,0.0,0.0,0.0,0.13965532101970424,0.0,0.0,0.0,0.13088981537145525,0.07395658228760725,0.0,0.0,0.0,0.0,0.0,0.08844812604114095,0.40816357506866857,654.0,11.89723943490948,6.584867468481855,7.409171174550653,5.792579661904371
泰式烤雞腿,0.0,0.6301915522124433,0.0,0.0,0.0,0.0,0.0,0.0,0.0,0.0,0.0,0.0,0.0,0.09034118017277258,0.0,0.0,0.0,0.0,0.0,0.0,0.0,0.0,0.0,0.0,0.02611688034838749,0.0,0.0,0.05432895818741054,0.05959943559602481,0.0,0.06071809239577306,0.0,0.0,0.0,0.0,0.07870390108718824,0.6301915522124433,743.0,20.380181299550298,2.632508044786876,3.6681438621067697,4.808052690162483
牛肉餐02,0.0,0.0,0.0,0.0,0.0,0.0,0.0,0.0,0.0,0.0,0.0,0.0,0.0,0.05918569256809164,0.0,0.0,0.0,0.0,0.3384743197730336,0.0,0.0,0.08630744110100304,0.0,0.05674964177413443,0.0768884277245562,0.0,0.0,0.17898193760262726,0.08333017336178457,0.12008236609476927,0.0,0.0,0.0,0.0,0.0,0.0,0.0,460.0,10.212903830000426,5.659757245240221,3.79225450755578,4.906183741263188
里肌豬餐01,0.0,0.0,0.0,0.0,0.0,0.0,0.2680365081978782,0.0,0.0,0.0,0.0,0.0,0.0,0.16106615542643865,0.0,0.0,0.0,0.0,0.0,0.0,0.0,0.0705974140026503,0.0,0.1117083421545796,0.0996095128319729,0.0,0.0,0.11482714277873178,0.08056934283675597,0.0935855817709926,0.0,0.0,0.0,0.0,0.0,0.0,0.0,459.0,8.119400860953636,4.342374914727953,3.9340213905420556,4.489609355320281
里肌豬餐02,0.0,0.0,0.0,0.0,0.0,0.0,0.34125544786313666,0.0,0.0,0.0,0.0,0.0,0.0,0.12302868665842712,0.0,0.0,0.0,0.0,0.0,0.0,0.0,0.060009106875691144,0.0,0.04480843036492552,0.07280426722175243,0.0,0.0,0.15581994405776362,0.07952904442854355,0.12274507252975997,0.0,0.0,0.0,0.0,0.0,0.0,0.0,459.0,9.864907044818839,5.333023222533013,3.680347102062057,4.793237047974198
里肌豬餐03,0.0,0.0,0.0,0.0,0.0,0.0,0.45806489015462115,0.0,0.0,0.0,0.0,0.0,0.0,0.0457344037389328,0.0,0.0,0.0,0.0,0.0,0.0,0.0,0.0,0.0,0.10705976700423664,0.09303273263445501,0.0,0.0,0.09370889958395545,0.0919391060900456,0.0,0.0,0.0,0.0,0.11046020079375336,0.0,0.0,0.0,459.0,12.577235062011956,7.020279642267309,2.9453410156874265,5.061764001785985
里肌豬餐05,0.0,0.0,0.0,0.0,0.0,0.0,0.39543727577071375,0.0,0.0,0.0,0.0,0.0,0.0,0.1331635334831429,0.0,0.0,0.0,0.0,0.0,0.0,0.0,0.0,0.0,0.0,0.0,0.0,0.0,0.13777070670368396,0.09125448458572481,0.1748609205174427,0.0,0.0,0.0,0.0,0.0,0.06751307893929186,0.0,459.0,11.004368700854762,6.061211199734718,4.125332044547767,5.1131309954466095
雞胸餐01,0.0,0.3677513555970221,0.0,0.0,0.0,0.0,0.0,0.0,0.0,0.0,0.0,0.05071701549629574,0.0,0.17652651461242777,0.0,0.0,0.0,0.0,0.0,0.0,0.0,0.0,0.0,0.0,0.09943910756753895,0.0,0.0,0.12872703995679077,0.0912216871433901,0.0,0.0,0.0,0.0,0.0,0.0,0.08561727962653448,0.0,400.5,12.79371410128363,1.9485707314661114,6.018822330336814,4.561155780251545
雞腿餐02,0.0,0.44140809761843636,0.0,0.0,0.0,0.0,0.0,0.0,0.0,0.0,0.0,0.0,0.0,0.0,0.0,0.0,0.0,0.0,0.0,0.0,0.0,0.06980503496081067,0.0,0.05401634021474848,0.07358110455019104,0.0,0.0,0.18116676986272406,0.07498980624310977,0.06769017019798541,0.0,0.0,0.0,0.0373426763519942,0.0,0.0,0.0,493.7,14.91586897624477,2.1123802648866605,3.328534001842427,4.235136624798419
雞腿餐04,0.0,0.48339338467580806,0.0,0.0,0.03752996021242807,0.0,0.0,0.0,0.0,0.0,0.0,0.03120228138180711,0.0,0.19895152063660113,0.0,0.0,0.0,0.0,0.0,0.0,0.0,0.0,0.0,0.0,0.08393823875958399,0.0,0.0,0.04782541281740405,0.11715920151636754,0.0,0.0,0.0,0.0,0.0,0.0,0.0,0.0,493.7,17.042482096958725,2.487680196717952,4.152454522292994,4.706628100537123
不用客氣滿滿肉片,0.0,0.0,0.0,0.0,0.0,0.0,0.0,0.0,0.0,0.0,0.0,0.0,0.0,0.15060525489274676,0.0,0.0,0.0,0.0,0.5379372184407943,0.0,0.0,0.08904163779648379,0.0,0.0,0.0,0.0,0.0,0.0,0.07397799552622052,0.0,0.0,0.07733932394622833,0.0,0.0,0.0,0.07109856939752623,0.5379372184407943,520.0,15.57332826656629,8.797188423795903,2.9267091348055727,5.455856095943343
來自挪威的烤薄鹽鯖魚,0.0,0.0,0.0,0.0,0.0,0.0,0.0,0.03353333363590565,0.0,0.0,0.015535575696786229,0.0,0.0,0.2436471159563025,0.0,0.0,0.0,0.0,0.0,0.0,0.0,0.04873986193625104,0.0,0.0,0.0,0.0,0.0,0.0,0.11894722987478044,0.0,0.0,0.04548569665007057,0.33389687427666304,0.0,0.10186172747613839,0.058352584497102115,0.33389687427666304,530.0,8.54361353042894,3.267764020823027,2.974471822196403,4.022671750676343
水煮牛肉,0.0,0.0,0.0,0.0,0.0,0.0,0.0,0.0,0.0,0.0,0.0,0.0,0.0,0.14348884650857419,0.0,0.0,0.0,0.0,0.5095707429929187,0.0,0.0,0.07321090806771818,0.0,0.0,0.0,0.0,0.0,0.0,0.12616849822575854,0.0,0.0,0.08753966641134264,0.0,0.0,0.0,0.06002133779368776,0.5095707429929187,550.0,15.15932121586344,8.666876592518484,2.5946667239843055,5.308134856671442
清蒸義式雞腿,0.0,0.2951156057629543,0.0,0.0,0.0,0.0,0.0,0.21012983200232366,0.0,0.0,0.0,0.0,0.0,0.2361243413922663,0.0,0.0,0.0,0.0,0.0,0.0,0.0,0.02403937748100305,0.0,0.0,0.0,0.0,0.0,0.0,0.09800957577385433,0.0,0.0,0.03416171376993782,0.0,0.0,0.0,0.10241955381766052,0.2951156057629543,580.0,10.471806748015977,1.730177117460952,3.6969876601818332,3.8270360639482073
秘製岳母牛腱肉,0.0,0.0,0.0,0.0,0.0,0.0,0.0,0.03185373030314762,0.0,0.0,0.023735433040380966,0.0,0.0,0.2671391652793372,0.0,0.0,0.0,0.0,0.40910894730729025,0.0,0.0,0.03220943513105424,0.0,0.0,0.0,0.0,0.0,0.0,0.09241308219443262,0.0,0.0,0.06537467575206164,0.0,0.0,0.0,0.07816553099229548,0.0,470.0,12.670032957141197,8.09116327577529,3.701630434782609,5.405715534333271
義式水煮雞胸肉,0.0,0.4530225970514389,0.0,0.0,0.0,0.0,0.0,0.06720852378806412,0.0,0.0,0.01793600721045516,0.0,0.0,0.21716345844331422,0.0,0.0,0.0,0.0,0.0,0.0,0.0,0.03292345329298912,0.0,0.0,0.0,0.0,0.0,0.0,0.15234661688019055,0.0,0.0,0.0,0.0,0.0,0.0,0.05939934333354793,0.0,430.0,15.721533187407456,3.326948110474474,2.8370945728449106,4.551075318761113
靈感來自古宇利島的蝦蝦飯,0.0,0.0,0.27821466227873987,0.0,0.0,0.0,0.0,0.04581962106204869,0.0,0.0,0.02062432104287814,0.0,0.0,0.22214877947472683,0.0,0.0,0.0,0.0,0.0,0.0,0.0,0.03623234711483162,0.0,0.0,0.0,0.0,0.10358289667071378,0.0,0.08854599335420793,0.0,0.0,0.05753961914499329,0.0,0.0,0.08717609751421816,0.0601156623426417,0.0,430.0,8.616191729503482,1.837023332161799,3.978512804332545,3.770846169718386
00,0.0,0.0,0.0,0.0,0.0,0.0,0.0,0.1783802979235068,0.0,0.0,0.0,0.0,0.0,0.2012590147359727,0.0,0.0,0.0,0.0,0.0,0.0,0.290329011718823,0.0,0.0,0.0,0.0,0.0,0.0,0.0,0.0,0.0,0.0,0.0,0.3300316756216975,0.0,0.0,0.0,0.0,492.0,7.0922215388887455,1.7283500819258493,2.316718213348974,3.045949764838237
01,0.0,0.0,0.0,0.0,0.0,0.0,0.1620097072129879,0.1511934815336937,0.0,0.0,0.0,0.0,0.0,0.39891607896017134,0.0,0.0,0.0,0.0,0.0,0.0,0.0,0.0,0.0,0.0,0.0,0.0,0.2878807322931471,0.0,0.0,0.0,0.0,0.0,0.0,0.0,0.0,0.0,0.0,443.0,4.765827564807331,2.336815582107162,3.8740390472067823,3.4266485572729484
02,0.0,0.25191801283201504,0.0,0.0,0.0,0.0,0.0,0.0,0.0,0.0,0.0,0.0,0.0,0.0,0.0,0.0,0.0,0.0,0.0,0.0,0.0,0.0,0.0,0.0,0.0,0.28825962764848234,0.0,0.0,0.4598223595195026,0.0,0.0,0.0,0.0,0.0,0.0,0.0,0.0,478.0,12.297950320800377,3.4942762714412496,3.7350089474934896,4.622476205288857
03,0.0,0.0,0.0,0.0,0.0,0.0,0.0,0.0,0.0,0.0,0.0,0.0,0.0,0.0,0.0,0.0,0.16462690434332,0.0,0.0,0.0,0.0,0.0,0.0,0.0,0.0,0.66286015368644,0.0,0.0,0.17251294197024,0.0,0.0,0.0,0.0,0.0,0.0,0.0,0.0,341.0,5.34149238262672,3.9948284286874403,9.539471748509303,4.838780645115725
04,0.0,0.0,0.0,0.0,0.0,0.0,0.0,0.2401722484470506,0.0,0.0,0.0,0.0,0.0,0.0,0.0,0.0,0.0,0.0,0.0,0.0,0.20963211824578337,0.0,0.0,0.0,0.0,0.0,0.0,0.0,0.0,0.2376369899190333,0.0,0.3125586433881328,0.0,0.0,0.0,0.0,0.0,405.0,2.9239745562779755,1.3396883951854943,3.2877687239405873,2.3261989914830314
05,0.0,0.0,0.0,0.0,0.0,0.0,0.0,0.09430761539015747,0.0,0.0,0.0,0.0,0.0,0.0,0.0,0.0,0.0,0.0,0.0,0.0,0.0,0.0,0.0,0.0,0.0,0.0,0.0,0.0,0.39050679754515505,0.46213591597111997,0.0,0.0,0.053049671093567494,0.0,0.0,0.0,0.0,429.0,3.8199565315162882,2.310209526387837,3.007119574353813,2.9842742039607777
06,0.0,0.0,0.2320986216476938,0.0,0.0,0.0,0.0,0.25716702589592133,0.0,0.0,0.0,0.0,0.0,0.0,0.0,0.0,0.0,0.0,0.0,0.0,0.0,0.2862894976588162,0.0,0.0,0.0,0.0,0.0,0.0,0.0,0.22444485479756862,0.0,0.0,0.0,0.0,0.0,0.0,0.0,386.0,6.631235781838912,0.20040540675146673,2.4918271194206767,1.0899181680026784
07,0.0,0.0,0.0,0.0,0.0,0.0,0.27574976251865924,0.1650108857906506,0.0,0.0,0.0,0.0,0.0,0.5592393516906902,0.0,0.0,0.0,0.0,0.0,0.0,0.0,0.0,0.0,0.0,0.0,0.0,0.0,0.0,0.0,0.0,0.0,0.0,0.0,0.0,0.0,0.0,0.0,415.0,7.4529834146571705,3.9164206104302988,1.6777180550720705,3.5419477385502924
08,0.0,0.0,0.0,0.0,0.0,0.0,0.0,0.0,0.0,0.0,0.0,0.0,0.0,0.0,0.0,0.0,0.0,0.0,0.0,0.0,1.0,0.0,0.0,0.0,0.0,0.0,0.0,0.0,0.0,0.0,0.0,0.0,0.0,0.0,0.0,0.0,0.0,252.4,1.0,0.2,5.9,0.1506654483344671
09,0.0,0.0,0.0,0.0,0.0,0.0,0.0,0.14208146454580065,0.0,0.0,0.0,0.3527453108108383,0.0,0.0,0.0,0.0,0.0,0.0,0.31774613535077556,0.0,0.0,0.0,0.0,0.0,0.0,0.0,0.0,0.18742708929258545,0.0,0.0,0.0,0.0,0.0,0.0,0.0,0.0,0.0,483.0,8.82252551493028,4.85548380135306,4.473432101681043,4.783828602576912
711繽紛鮮蔬烤雞便當_1,0.0,0.49014777952336414,0.0,0.0,0.0,0.0,0.0,0.0,0.0,0.0,0.0,0.09180598564583163,0.0,0.0,0.0,0.0,0.0,0.0,0.0,0.0,0.0,0.0,0.0,0.08064533217095446,0.0,0.0,0.0,0.0,0.17941726677503428,0.0,0.0,0.0,0.0,0.0,0.0,0.1579836358848155,0.0,371.0,16.590685606782966,2.6957779008769305,5.254545991155023,4.969562003267768
711繽紛鮮蔬烤雞便當_2,0.0,0.4550973807457596,0.0,0.0,0.0,0.0,0.0,0.0,0.0,0.0,0.0,0.06307705417809399,0.0,0.0,0.0,0.0,0.0,0.0,0.0,0.0,0.0,0.0,0.0,0.10977181306096753,0.0,0.0,0.0,0.0,0.1735445061051006,0.0,0.0,0.0,0.0,0.0,0.0,0.19850924591007824,0.0,371.0,15.503819057374553,2.538539436636864,6.069416063344875,4.984413312522241
711繽紛鮮蔬烤雞便當_3,0.0,0.5412080959906798,0.0,0.0,0.0,0.0,0.0,0.0,0.0,0.0,0.0,0.0,0.0,0.0,0.0,0.0,0.0,0.0,0.0,0.0,0.0,0.0,0.0,0.09682147853531134,0.0,0.0,0.0,0.0,0.1863806299746463,0.0,0.0,0.0,0.0,0.0,0.0,0.17558979549936257,0.0,353.0,18.159119448807996,2.897811274989615,4.852752856467577,5.045160009860577
全家健身G肉餐盒,0.0,0.3473306280366528,0.0,0.0,0.0,0.0,0.0,0.0,0.0,0.0,0.0,0.01823673160873339,0.0,0.0,0.0,0.0,0.0,0.0,0.0,0.0,0.0,0.0,0.0,0.15134501500510847,0.06488548395878639,0.0,0.0,0.2945228952012478,0.0,0.0,0.0,0.0,0.0,0.0,0.0,0.12367924618947113,0.0,461.0,11.566183257693922,1.3737204021433125,6.45546925794374,4.214895599713578
全家烤多蛋白餐盒_1,0.0,0.42548495382296,0.0,0.0,0.0,0.0,0.0,0.0,0.0,0.0,0.0,0.23200776576879484,0.0,0.0,0.0,0.0,0.0,0.0,0.0,0.0,0.0,0.0,0.0,0.3425072804082452,0.0,0.0,0.0,0.0,0.0,0.0,0.0,0.0,0.0,0.0,0.0,0.0,0.0,463.0,13.398840557703675,1.5781473869164149,2.22727455138043,3.506422340822263
全家烤多蛋白餐盒_2,0.0,0.5368853685171057,0.0,0.0,0.0,0.0,0.0,0.0,0.0,0.0,0.0,0.185013986746249,0.0,0.0,0.0,0.0,0.0,0.0,0.0,0.0,0.0,0.0,0.0,0.27810064473664525,0.0,0.0,0.0,0.0,0.0,0.0,0.0,0.0,0.0,0.0,0.0,0.0,0.0,463.0,16.8099590121019,1.9697901240108302,1.7761342727639904,3.7086222027177542
全家美式雞丁餐盒,0.0,0.2686879771244071,0.0,0.0,0.0,0.0,0.0,0.0,0.0,0.0,0.0,0.0,0.0,0.0,0.0,0.0,0.0,0.0,0.0,0.0,0.0,0.24344779922657706,0.0,0.12942014381657319,0.0,0.0,0.0,0.3584440798324426,0.0,0.0,0.0,0.0,0.0,0.0,0.0,0.0,0.0,466.0,9.525647992318525,1.076155465399083,3.052766859934475,3.134346472283947
初夏牛腱沙律1,0.0,0.0,0.0,0.0,0.0,0.0,0.0,0.0,0.0,0.0,0.0,0.0,0.0,0.0,0.0,0.35921028622427137,0.08868381639588305,0.0,0.2998986480993357,0.0,0.0,0.0,0.0,0.0,0.0,0.0,0.0,0.0,0.2522072492805099,0.0,0.0,0.0,0.0,0.0,0.0,0.0,0.2998986480993357,552.1,9.775344208036971,7.233457328320539,9.821972766870756,5.95587953009654
叉雞飯3,0.0,0.45620453104718206,0.0,0.0,0.0,0.0,0.5437954689528179,0.0,0.0,0.0,0.0,0.0,0.0,0.0,0.0,0.0,0.0,0.0,0.0,0.0,0.0,0.0,0.0,0.0,0.0,0.0,0.0,0.0,0.0,0.0,0.0,0.0,0.0,0.0,0.0,0.0,0.0,485.5,27.737227186283093,9.255472877109305,0.0,-10.479516371446921
嫩滑雞胸2,0.0,0.6178276513246846,0.0,0.0,0.0,0.0,0.0,0.1606745778999475,0.0,0.0,0.0,0.0,0.0,0.0,0.0,0.0,0.22149777077536792,0.0,0.0,0.0,0.0,0.0,0.0,0.0,0.0,0.0,0.0,0.0,0.0,0.0,0.0,0.0,0.0,0.0,0.0,0.0,0.0,449.8,19.59565273261596,5.5466461063993835,1.9934799369783112,4.895615229700764
日式煎豆腐餐盒,0.0,0.0,0.0,0.0,0.0,0.0,0.0,0.0,0.0,0.0,0.0,0.0,0.0,0.0,0.0,0.0,0.0,0.0,0.0,0.0,0.0,0.0,0.0,0.37845084784168587,0.0,0.0,0.0,0.41228898372295025,0.20926016843536388,0.0,0.0,0.0,0.0,0.0,0.0,0.0,0.0,553.6,1.7915366894520186,1.0875297405491144,2.51683220665433,1.4472673154359494
煎牛扒蘆筍4,0.0,0.0,0.0,0.0,0.0,0.0,0.0,0.0,0.0,0.0,0.0,0.0,0.0,0.0,0.0,0.0,0.0,0.0,0.6037951767207016,0.0,0.0,0.39620482327929846,0.0,0.0,0.0,0.0,0.0,0.0,0.0,0.0,0.0,0.0,0.0,0.0,0.0,0.0,0.0,455.7,16.887289064576137,9.175789097794313,1.5848192931171938,5.0095926431027324
義式雞腿排餐盒,0.0,0.5971182730003564,0.0,0.0,0.0,0.0,0.0,0.0,0.0,0.0,0.0,0.0,0.0,0.0,0.0,0.0,0.0,0.0,0.0,0.0,0.0,0.0,0.0,0.055638714933048214,0.0,0.0,0.0,0.11780459243419378,0.07726694160175143,0.0,0.0,0.0,0.0,0.0,0.0,0.15217147803065018,0.5971182730003564,572.5,19.355671299831986,2.5629580978565243,4.83825670790693,4.988750021342324
舒肥牛排餐盒,0.0,0.0,0.0,0.0,0.0,0.0,0.0,0.0,0.0,0.0,0.0,0.0,0.0,0.0,0.0,0.0,0.0,0.0,0.6373859372571657,0.0,0.0,0.0,0.0,0.11621633622699318,0.0,0.0,0.0,0.1733642681112764,0.07303345840456472,0.0,0.0,0.0,0.0,0.0,0.0,0.0,0.6373859372571657,515.3,17.235608667658358,9.943292777691436,1.049332830088142,4.725989703348993
舒肥雞胸肉餐盒,0.0,0.7071500148660405,0.0,0.0,0.0,0.0,0.0,0.0,0.0,0.0,0.0,0.0,0.0,0.0,0.0,0.0,0.0,0.0,0.0,0.0,0.0,0.0,0.0,0.08077215315325235,0.0,0.0,0.0,0.1572937199237978,0.054784112056909404,0.0,0.0,0.0,0.0,0.0,0.0,0.0,0.7071500148660405,623.4,22.454836969089644,2.8353899857946727,0.9451740427921728,3.7295227327043707
蒜烤霜降豬餐盒,0.0,0.0,0.0,0.0,0.0,0.0,0.6509121981534091,0.0,0.0,0.0,0.0,0.0,0.0,0.0,0.0,0.0,0.0,0.0,0.0,0.0,0.0,0.0,0.0,0.08957741477272728,0.0,0.0,0.0,0.17153098366477273,0.08797940340909091,0.0,0.0,0.0,0.0,0.0,0.0,0.0,0.6509121981534091,581.6,17.023671653053977,9.56982088955966,1.0476673473011364,4.678434371761941
香檸松阪豬餐盒,0.0,0.0,0.0,0.0,0.0,0.0,0.5792481892129282,0.0,0.0,0.0,0.0,0.0,0.0,0.0,0.0,0.0,0.0,0.0,0.0,0.0,0.0,0.0,0.0,0.15195335870768995,0.0,0.0,0.0,0.17022034955510013,0.09857810252428173,0.0,0.0,0.0,0.0,0.0,0.0,0.0,0.5792481892129282,516.1,15.293959799890525,8.619387196557915,1.0464248889341496,4.484613514192432
鹽烤鮭魚菲力餐盒,0.0,0.0,0.0,0.0,0.0,0.0,0.0,0.0,0.0,0.0,0.0,0.0,0.0,0.0,0.0,0.0,0.0,0.0,0.0,0.0,0.0,0.0,0.0,0.11119253193997515,0.0,0.0,0.0,0.25907222735527446,0.16065568547487813,0.0,0.0,0.0,0.4690795552298722,0.0,0.0,0.0,0.4690795552298722,587.3,10.68231911300857,3.174583426259279,1.5990123299455188,3.634724229140322
beef,0.0,0.0,0.0,0.0,0.0,0.0,0.0,0.0,0.0,0.0,0.0,0.0,0.0,0.0,0.0,0.0,0.0,0.0,1.0,0.0,0.0,0.0,0.0,0.0,0.0,0.0,0.0,0.0,0.0,0.0,0.0,0.0,0.0,0.0,0.0,0.0,0.0,257.5,26.0,15.0,0.0,-10.479516371446921
carrot,0.0,0.0,0.0,0.0,0.0,0.0,0.0,0.0,0.0,0.0,0.0,1.0,0.0,0.0,0.0,0.0,0.0,0.0,0.0,0.0,0.0,0.0,0.0,0.0,0.0,0.0,0.0,0.0,0.0,0.0,0.0,0.0,0.0,0.0,0.0,0.0,0.0,26.24,0.9,0.2,9.6,0.497873966133466
shrimp,0.0,0.0,1.0,0.0,0.0,0.0,0.0,0.0,0.0,0.0,0.0,0.0,0.0,0.0,0.0,0.0,0.0,0.0,0.0,0.0,0.0,0.0,0.0,0.0,0.0,0.0,0.0,0.0,0.0,0.0,0.0,0.0,0.0,0.0,0.0,0.0,0.0,103.95,24.0,0.3,0.0,-10.479516371446921
cucumber,1.0,0.0,0.0,0.0,0.0,0.0,0.0,0.0,0.0,0.0,0.0,0.0,0.0,0.0,0.0,0.0,0.0,0.0,0.0,0.0,0.0,0.0,0.0,0.0,0.0,0.0,0.0,0.0,0.0,0.0,0.0,0.0,0.0,0.0,0.0,0.0,0.0,15.2,0.65,0.11,3.63,-1.2277185197142428
onion,0.0,0.0,0.0,0.0,0.0,0.0,0.0,0.0,0.0,0.0,0.0,0.0,0.0,0.0,0.0,0.0,0.0,0.0,0.0,0.0,0.0,0.0,0.0,0.0,0.0,0.0,1.0,0.0,0.0,0.0,0.0,0.0,0.0,0.0,0.0,0.0,0.0,37.6,1.1,0.1,9.3,0.020707270733662072
tomato,0.0,0.0,0.0,0.0,0.0,0.0,0.0,0.0,0.0,0.0,0.0,0.0,0.0,0.0,0.0,0.0,0.0,0.0,0.0,0.0,0.0,0.0,0.0,0.0,0.0,0.0,0.0,0.0,0.0,0.0,0.0,0.0,0.0,1.0,0.0,0.0,0.0,17.1,0.9,0.2,4.0,-0.29900464574070823
eggplant,0.0,0.0,0.0,0.0,0.0,0.0,0.0,0.0,0.0,0.0,0.0,0.0,0.0,0.0,0.0,0.0,0.0,0.0,0.0,0.0,1.0,0.0,0.0,0.0,0.0,0.0,0.0,0.0,0.0,0.0,0.0,0.0,0.0,0.0,0.0,0.0,0.0,23.5,1.0,0.2,5.9,0.1506654483344671
sprout,0.0,0.0,0.0,0.0,0.0,0.0,0.0,0.0,0.0,0.0,0.0,0.0,0.0,0.0,0.0,0.0,0.0,0.0,0.0,1.0,0.0,0.0,0.0,0.0,0.0,0.0,0.0,0.0,0.0,0.0,0.0,0.0,0.0,0.0,0.0,0.0,0.0,27.0,3.0,0.1,8.0,0.7968897790805307
baby_corn,0.0,0.0,0.0,0.0,0.0,0.0,0.0,0.0,0.0,0.0,0.0,0.0,0.0,0.0,0.0,0.0,0.0,1.0,0.0,0.0,0.0,0.0,0.0,0.0,0.0,0.0,0.0,0.0,0.0,0.0,0.0,0.0,0.0,0.0,0.0,0.0,0.0,23.92,2.4,0.2,19.0,2.0120573230222156
egg_dish,0.0,0.0,0.0,0.0,0.0,0.0,0.0,0.0,0.0,1.0,0.0,0.0,0.0,0.0,0.0,0.0,0.0,0.0,0.0,0.0,0.0,0.0,0.0,0.0,0.0,0.0,0.0,0.0,0.0,0.0,0.0,0.0,0.0,0.0,0.0,0.0,0.0,155.0,9.0,5.0,1.0,3.464973722993288
cabbage,0.0,0.0,0.0,0.0,0.0,0.0,0.0,0.0,0.0,0.0,0.0,0.0,0.0,0.0,0.0,0.0,0.0,0.0,0.0,0.0,0.0,0.0,0.0,0.0,0.0,0.0,0.0,1.0,0.0,0.0,0.0,0.0,0.0,0.0,0.0,0.0,0.0,23.0,1.3,0.1,5.8,-0.2570057256550101
chicken,0.0,1.0,0.0,0.0,0.0,0.0,0.0,0.0,0.0,0.0,0.0,0.0,0.0,0.0,0.0,0.0,0.0,0.0,0.0,0.0,0.0,0.0,0.0,0.0,0.0,0.0,0.0,0.0,0.0,0.0,0.0,0.0,0.0,0.0,0.0,0.0,0.0,250.95,31.0,3.6,0.0,-10.479516371446921
mushroom,0.0,0.0,0.0,0.0,0.0,0.0,0.0,0.0,0.0,0.0,0.0,0.0,0.0,0.0,0.0,0.0,0.0,0.0,0.0,0.0,0.0,1.0,0.0,0.0,0.0,0.0,0.0,0.0,0.0,0.0,0.0,0.0,0.0,0.0,0.0,0.0,0.0,20.68,3.0,0.3,4.0,1.1659587612923146
fish,0.0,0.0,0.0,0.0,0.0,0.0,0.0,0.0,0.0,0.0,0.0,0.0,0.0,0.0,0.0,0.0,0.0,0.0,0.0,0.0,0.0,0.0,0.0,0.0,0.0,0.0,0.0,0.0,0.0,0.0,0.0,0.0,1.0,0.0,0.0,0.0,0.0,206.0,20.0,5.0,0.0,-10.479516371446921
winter_melon,0.0,0.0,0.0,0.0,0.0,0.0,0.0,0.0,0.0,0.0,0.0,0.0,0.0,0.0,1.0,0.0,0.0,0.0,0.0,0.0,0.0,0.0,0.0,0.0,0.0,0.0,0.0,0.0,0.0,0.0,0.0,0.0,0.0,0.0,0.0,0.0,0.0,12.48,0.6,0.1,4.2,-1.254570446676245
corn,0.0,0.0,0.0,0.0,0.0,0.0,0.0,0.0,0.0,0.0,0.0,0.0,0.0,0.0,0.0,0.0,0.0,0.0,0.0,0.0,0.0,0.0,0.0,0.0,1.0,0.0,0.0,0.0,0.0,0.0,0.0,0.0,0.0,0.0,0.0,0.0,0.0,82.56,3.3,1.2,19.0,3.9328552774327514
tofu,0.0,0.0,0.0,0.0,0.0,0.0,0.0,0.0,0.0,0.0,0.0,0.0,0.0,0.0,0.0,0.0,0.0,0.0,0.0,0.0,0.0,0.0,0.0,0.0,0.0,0.0,0.0,0.0,0.0,0.0,0.0,1.0,0.0,0.0,0.0,0.0,0.0,73.72,8.0,4.0,2.0,3.785578663653612
brocoli,0.0,0.0,0.0,0.0,0.0,0.0,0.0,0.0,0.0,0.0,0.0,0.0,0.0,0.0,0.0,0.0,0.0,0.0,0.0,0.0,0.0,0.0,0.0,1.0,0.0,0.0,0.0,0.0,0.0,0.0,0.0,0.0,0.0,0.0,0.0,0.0,0.0,30.94,0.0,0.0,0.0,-10.479516371446921
green_bean,0.0,0.0,0.0,0.0,0.0,0.0,0.0,0.0,0.0,0.0,0.0,0.0,0.0,0.0,0.0,0.0,0.0,0.0,0.0,0.0,0.0,0.0,0.0,0.0,0.0,0.0,0.0,0.0,0.0,0.0,1.0,0.0,0.0,0.0,0.0,0.0,0.0,29.14,2.0,0.2,7.0,0.9372032328635284
avocado,0.0,0.0,0.0,0.0,0.0,0.0,0.0,0.0,0.0,0.0,0.0,0.0,0.0,0.0,0.0,0.0,1.0,0.0,0.0,0.0,0.0,0.0,0.0,0.0,0.0,0.0,0.0,0.0,0.0,0.0,0.0,0.0,0.0,0.0,0.0,0.0,0.0,148.8,2.0,15.0,9.0,5.095903308001947
mango,0.0,0.0,0.0,0.0,0.0,0.0,0.0,0.0,0.0,0.0,0.0,0.0,0.0,0.0,0.0,1.0,0.0,0.0,0.0,0.0,0.0,0.0,0.0,0.0,0.0,0.0,0.0,0.0,0.0,0.0,0.0,0.0,0.0,0.0,0.0,0.0,0.0,55.8,0.8,0.4,24.7,1.8818014753260275
vegetable,0.0,0.0,0.0,0.0,0.0,0.0,0.0,0.0,0.0,0.0,0.0,0.0,0.0,1.0,0.0,0.0,0.0,0.0,0.0,0.0,0.0,0.0,0.0,0.0,0.0,0.0,0.0,0.0,0.0,0.0,0.0,0.0,0.0,0.0,0.0,0.0,0.0,18.0,1.0,0.1,3.0,-1.0958729334875075
yam,0.0,0.0,0.0,0.0,0.0,0.0,0.0,0.0,0.0,0.0,0.0,0.0,0.0,0.0,0.0,0.0,0.0,0.0,0.0,0.0,0.0,0.0,0.0,0.0,0.0,0.0,0.0,0.0,0.0,0.0,0.0,0.0,0.0,0.0,0.0,1.0,0.0,112.1,1.5,0.1,27.0,1.2731692196406466
green_pepper,0.0,0.0,0.0,0.0,0.0,0.0,0.0,0.0,0.0,0.0,0.0,0.0,0.0,0.0,0.0,0.0,0.0,0.0,0.0,0.0,0.0,0.0,0.0,0.0,0.0,0.0,0.0,0.0,0.0,1.0,0.0,0.0,0.0,0.0,0.0,0.0,0.0,18.6,0.9,0.2,6.0,0.07006138666611432
toast,0.0,0.0,0.0,0.0,0.0,0.0,0.0,0.0,0.0,0.0,0.0,0.0,0.0,0.0,0.0,0.0,0.0,0.0,0.0,0.0,0.0,0.0,0.0,0.0,0.0,1.0,0.0,0.0,0.0,0.0,0.0,0.0,0.0,0.0,0.0,0.0,0.0,265.0,6.0,1.0,12.0,3.892789387136478
pork,0.0,0.0,0.0,0.0,0.0,0.0,1.0,0.0,0.0,0.0,0.0,0.0,0.0,0.0,0.0,0.0,0.0,0.0,0.0,0.0,0.0,0.0,0.0,0.0,0.0,0.0,0.0,0.0,0.0,0.0,0.0,0.0,0.0,0.0,0.0,0.0,0.0,249.26,25.0,14.0,0.0,-10.479516371446921
egg,0.0,0.0,0.0,0.0,0.0,0.0,0.0,0.0,0.0,0.0,0.0,0.0,0.0,0.0,0.0,0.0,0.0,0.0,0.0,0.0,0.0,0.0,0.0,0.0,0.0,0.0,0.0,0.0,1.0,0.0,0.0,0.0,0.0,0.0,0.0,0.0,0.0,155.0,6.0,5.0,0.6,2.6309302592597756
bean,0.0,0.0,0.0,0.0,1.0,0.0,0.0,0.0,0.0,0.0,0.0,0.0,0.0,0.0,0.0,0.0,0.0,0.0,0.0,0.0,0.0,0.0,0.0,0.0,0.0,0.0,0.0,0.0,0.0,0.0,0.0,0.0,0.0,0.0,0.0,0.0,0.0,329.65,21.0,0.8,35.0,5.804347020946018
nut,0.0,0.0,0.0,0.0,0.0,0.0,0.0,0.0,0.0,0.0,1.0,0.0,0.0,0.0,0.0,0.0,0.0,0.0,0.0,0.0,0.0,0.0,0.0,0.0,0.0,0.0,0.0,0.0,0.0,0.0,0.0,0.0,0.0,0.0,0.0,0.0,0.0,607.0,20.0,50.0,20.0,9.014542851184114
